Flight No.,"Version, Booster [b]",Launch site,Payload[c],Payload mass,Orbit,Customer,Launch outcome,Booster landing,Payload,Version Booster,Date,Time
1,,CCAFS,,0,LEO,SpaceX,<generator object Tag._all_strings at 0x00000200078C7D40>,Failure,Dragon Spacecraft Qualification Unit,"<td><a href=""/wiki/Falcon_9_v1.0"" title=""Falcon 9 v1.0"">F9 v1.0</a><sup class=""reference"" id=""cite_ref-MuskMay2012_13-0""><a href=""#cite_note-MuskMay2012-13""><span class=""cite-bracket"">[</span>7<span class=""cite-bracket"">]</span></a></sup><br/>B0003.1<sup class=""reference"" id=""cite_ref-block_numbers_14-0""><a href=""#cite_note-block_numbers-14""><span class=""cite-bracket"">[</span>8<span class=""cite-bracket"">]</span></a></sup>
</td>","4 June 2010,",18:45
2,,CCAFS,,0,LEO,NASA,<generator object Tag._all_strings at 0x00000200078C7840>,Failure,Dragon,"<td><a href=""/wiki/Falcon_9_v1.0"" title=""Falcon 9 v1.0"">F9 v1.0</a><sup class=""reference"" id=""cite_ref-MuskMay2012_13-1""><a href=""#cite_note-MuskMay2012-13""><span class=""cite-bracket"">[</span>7<span class=""cite-bracket"">]</span></a></sup><br/>B0004.1<sup class=""reference"" id=""cite_ref-block_numbers_14-1""><a href=""#cite_note-block_numbers-14""><span class=""cite-bracket"">[</span>8<span class=""cite-bracket"">]</span></a></sup>
</td>","8 December 2010,",15:43
3,,CCAFS,,525 kg,LEO,NASA,<generator object Tag._all_strings at 0x00000200078C6F40>,"No attempt
",Dragon,"<td><a href=""/wiki/Falcon_9_v1.0"" title=""Falcon 9 v1.0"">F9 v1.0</a><sup class=""reference"" id=""cite_ref-MuskMay2012_13-2""><a href=""#cite_note-MuskMay2012-13""><span class=""cite-bracket"">[</span>7<span class=""cite-bracket"">]</span></a></sup><br/>B0005.1<sup class=""reference"" id=""cite_ref-block_numbers_14-2""><a href=""#cite_note-block_numbers-14""><span class=""cite-bracket"">[</span>8<span class=""cite-bracket"">]</span></a></sup>
</td>","22 May 2012,",07:44
4,,CCAFS,,"4,700 kg",LEO,NASA,<generator object Tag._all_strings at 0x00000200078C6A40>,No attempt,SpaceX CRS-1,"<td rowspan=""2""><a href=""/wiki/Falcon_9_v1.0"" title=""Falcon 9 v1.0"">F9 v1.0</a><sup class=""reference"" id=""cite_ref-MuskMay2012_13-3""><a href=""#cite_note-MuskMay2012-13""><span class=""cite-bracket"">[</span>7<span class=""cite-bracket"">]</span></a></sup><br/>B0006.1<sup class=""reference"" id=""cite_ref-block_numbers_14-3""><a href=""#cite_note-block_numbers-14""><span class=""cite-bracket"">[</span>8<span class=""cite-bracket"">]</span></a></sup>
</td>","8 October 2012,",00:35
5,,CCAFS,,"4,877 kg",LEO,NASA,<generator object Tag._all_strings at 0x00000200078C7940>,"No attempt
",SpaceX CRS-2,"<td><a href=""/wiki/Falcon_9_v1.0"" title=""Falcon 9 v1.0"">F9 v1.0</a><sup class=""reference"" id=""cite_ref-MuskMay2012_13-4""><a href=""#cite_note-MuskMay2012-13""><span class=""cite-bracket"">[</span>7<span class=""cite-bracket"">]</span></a></sup><br/>B0007.1<sup class=""reference"" id=""cite_ref-block_numbers_14-4""><a href=""#cite_note-block_numbers-14""><span class=""cite-bracket"">[</span>8<span class=""cite-bracket"">]</span></a></sup>
</td>","1 March 2013,",15:10
6,,VAFB,,500 kg,Polar orbit,MDA,<generator object Tag._all_strings at 0x00000200078C7040>,Uncontrolled,CASSIOPE,"<td><a href=""/wiki/Falcon_9_v1.1"" title=""Falcon 9 v1.1"">F9 v1.1</a><sup class=""reference"" id=""cite_ref-MuskMay2012_13-5""><a href=""#cite_note-MuskMay2012-13""><span class=""cite-bracket"">[</span>7<span class=""cite-bracket"">]</span></a></sup><br/>B1003<sup class=""reference"" id=""cite_ref-block_numbers_14-5""><a href=""#cite_note-block_numbers-14""><span class=""cite-bracket"">[</span>8<span class=""cite-bracket"">]</span></a></sup>
</td>","29 September 2013,",16:00
7,,CCAFS,,"3,170 kg",GTO,SES,<generator object Tag._all_strings at 0x00000200078C7E40>,No attempt,SES-8,"<td><a href=""/wiki/Falcon_9_v1.1"" title=""Falcon 9 v1.1"">F9 v1.1</a><br/>B1004
</td>","3 December 2013,",22:41
8,,CCAFS,,"3,325 kg",GTO,Thaicom,<generator object Tag._all_strings at 0x00000200078C7C40>,No attempt,Thaicom 6,"<td><a href=""/wiki/Falcon_9_v1.1"" title=""Falcon 9 v1.1"">F9 v1.1</a>
</td>","6 January 2014,",22:06
9,,Cape Canaveral,,"2,296 kg",LEO,NASA,<generator object Tag._all_strings at 0x00000200078C7640>,Controlled,SpaceX CRS-3,"<td><a href=""/wiki/Falcon_9_v1.1"" title=""Falcon 9 v1.1"">F9 v1.1</a>
</td>","18 April 2014,",19:25
10,,Cape Canaveral,,"1,316 kg",LEO,Orbcomm,<generator object Tag._all_strings at 0x0000020003F64D40>,Controlled,Orbcomm-OG2,"<td><a href=""/wiki/Falcon_9_v1.1"" title=""Falcon 9 v1.1"">F9 v1.1</a>
</td>","14 July 2014,",15:15
11,,Cape Canaveral,,"4,535 kg",GTO,AsiaSat,<generator object Tag._all_strings at 0x0000020006467140>,No attempt,AsiaSat 8,"<td><a href=""/wiki/Falcon_9_v1.1"" title=""Falcon 9 v1.1"">F9 v1.1</a>
</td>","5 August 2014,",08:00
12,,Cape Canaveral,,"4,428 kg",GTO,AsiaSat,<generator object Tag._all_strings at 0x0000020007810140>,"No attempt
",AsiaSat 6,"<td><a href=""/wiki/Falcon_9_v1.1"" title=""Falcon 9 v1.1"">F9 v1.1</a><br/>B1011<sup class=""reference"" id=""cite_ref-block_numbers_14-6""><a href=""#cite_note-block_numbers-14""><span class=""cite-bracket"">[</span>8<span class=""cite-bracket"">]</span></a></sup>
</td>","7 September 2014,",05:00
13,,Cape Canaveral,,"2,216 kg",LEO,NASA,<generator object Tag._all_strings at 0x0000020007810240>,Uncontrolled,SpaceX CRS-4,"<td><a href=""/wiki/Falcon_9_v1.1"" title=""Falcon 9 v1.1"">F9 v1.1</a><br/>B1010<sup class=""reference"" id=""cite_ref-block_numbers_14-7""><a href=""#cite_note-block_numbers-14""><span class=""cite-bracket"">[</span>8<span class=""cite-bracket"">]</span></a></sup>
</td>","21 September 2014,",05:52
14,,Cape Canaveral,,"2,395 kg",LEO,NASA,<generator object Tag._all_strings at 0x0000020007810340>,Failure ,SpaceX CRS-5,"<td><a href=""/wiki/Falcon_9_v1.1"" title=""Falcon 9 v1.1"">F9 v1.1</a><br/>B1012<sup class=""reference"" id=""cite_ref-block_numbers_14-8""><a href=""#cite_note-block_numbers-14""><span class=""cite-bracket"">[</span>8<span class=""cite-bracket"">]</span></a></sup>
</td>","10 January 2015,",09:47
15,,Cape Canaveral,,570 kg,HEO,USAF,<generator object Tag._all_strings at 0x0000020007810440>,Controlled,DSCOVR,"<td><a href=""/wiki/Falcon_9_v1.1"" title=""Falcon 9 v1.1"">F9 v1.1</a><br/>B1013<sup class=""reference"" id=""cite_ref-block_numbers_14-9""><a href=""#cite_note-block_numbers-14""><span class=""cite-bracket"">[</span>8<span class=""cite-bracket"">]</span></a></sup>
</td>","11 February 2015,",23:03
16,,Cape Canaveral,,"4,159 kg",GTO,ABS,<generator object Tag._all_strings at 0x0000020007810040>,No attempt,ABS-3A,"<td><a href=""/wiki/Falcon_9_v1.1"" title=""Falcon 9 v1.1"">F9 v1.1</a><br/>B1014<sup class=""reference"" id=""cite_ref-block_numbers_14-10""><a href=""#cite_note-block_numbers-14""><span class=""cite-bracket"">[</span>8<span class=""cite-bracket"">]</span></a></sup>
</td>","2 March 2015,",03:50
17,,Cape Canaveral,,"1,898 kg",LEO,NASA,<generator object Tag._all_strings at 0x0000020007810540>,Failure,SpaceX CRS-6,"<td><a href=""/wiki/Falcon_9_v1.1"" title=""Falcon 9 v1.1"">F9 v1.1</a><br/>B1015<sup class=""reference"" id=""cite_ref-block_numbers_14-11""><a href=""#cite_note-block_numbers-14""><span class=""cite-bracket"">[</span>8<span class=""cite-bracket"">]</span></a></sup>
</td>","14 April 2015,",20:10
18,,Cape Canaveral,,"4,707 kg",GTO,,<generator object Tag._all_strings at 0x0000020007810640>,No attempt,TürkmenÄlem 52°E / MonacoSAT,"<td><a href=""/wiki/Falcon_9_v1.1"" title=""Falcon 9 v1.1"">F9 v1.1</a><br/>B1016<sup class=""reference"" id=""cite_ref-block_numbers_14-12""><a href=""#cite_note-block_numbers-14""><span class=""cite-bracket"">[</span>8<span class=""cite-bracket"">]</span></a></sup>
</td>","27 April 2015,",23:03
19,,Cape Canaveral,,"1,952 kg",LEO,NASA,<generator object Tag._all_strings at 0x0000020007810740>,Precluded,SpaceX CRS-7,"<td><a href=""/wiki/Falcon_9_v1.1"" title=""Falcon 9 v1.1"">F9 v1.1</a><br/>B1018<sup class=""reference"" id=""cite_ref-block_numbers_14-13""><a href=""#cite_note-block_numbers-14""><span class=""cite-bracket"">[</span>8<span class=""cite-bracket"">]</span></a></sup>
</td>","28 June 2015,",14:21
20,,Cape Canaveral,,"2,034 kg",LEO,Orbcomm,<generator object Tag._all_strings at 0x0000020007810840>,Success,Orbcomm-OG2,"<td><a href=""/wiki/Falcon_9_Full_Thrust"" title=""Falcon 9 Full Thrust"">F9 FT</a><br/>B1019.1<sup class=""reference"" id=""cite_ref-flight20-booster_105-0""><a href=""#cite_note-flight20-booster-105""><span class=""cite-bracket"">[</span>98<span class=""cite-bracket"">]</span></a></sup>
</td>","22 December 2015,",01:29
21,,VAFB,,553 kg,LEO,NASA,<generator object Tag._all_strings at 0x0000020007810940>,Failure,Jason-3,"<td><a href=""/wiki/Falcon_9_v1.1"" title=""Falcon 9 v1.1"">F9 v1.1</a><br/>B1017<sup class=""reference"" id=""cite_ref-block_numbers_14-14""><a href=""#cite_note-block_numbers-14""><span class=""cite-bracket"">[</span>8<span class=""cite-bracket"">]</span></a></sup>
</td>","17 January 2016,",18:42
22,,Cape Canaveral,,"5,271 kg",GTO,SES,<generator object Tag._all_strings at 0x0000020007810A40>,Failure,SES-9,"<td><a href=""/wiki/Falcon_9_Full_Thrust"" title=""Falcon 9 Full Thrust"">F9 FT</a><br/>B1020.1<sup class=""reference"" id=""cite_ref-skyrocket_1.2_115-0""><a href=""#cite_note-skyrocket_1.2-115""><span class=""cite-bracket"">[</span>108<span class=""cite-bracket"">]</span></a></sup>
</td>","4 March 2016,",23:35
23,,Cape Canaveral,,"3,136 kg",LEO,NASA,<generator object Tag._all_strings at 0x0000020007810B40>,Success,SpaceX CRS-8,"<td><a href=""/wiki/Falcon_9_Full_Thrust"" title=""Falcon 9 Full Thrust"">F9 FT</a><br/><a href=""/wiki/List_of_Falcon_9_first-stage_boosters"" title=""List of Falcon 9 first-stage boosters"">B1021.1</a><sup class=""reference"" id=""cite_ref-nsf-20170330_122-0""><a href=""#cite_note-nsf-20170330-122""><span class=""cite-bracket"">[</span>115<span class=""cite-bracket"">]</span></a></sup>
</td>","8 April 2016,",20:43
24,,Cape Canaveral,,"4,696 kg",GTO,SKY Perfect JSAT Group,<generator object Tag._all_strings at 0x0000020007810C40>,Success,JCSAT-14,"<td><a href=""/wiki/Falcon_9_Full_Thrust"" title=""Falcon 9 Full Thrust"">F9 FT</a><br/>B1022.1<sup class=""reference"" id=""cite_ref-nsf20170325_129-0""><a href=""#cite_note-nsf20170325-129""><span class=""cite-bracket"">[</span>122<span class=""cite-bracket"">]</span></a></sup>
</td>","6 May 2016,",05:21
25,,Cape Canaveral,,"3,100 kg",GTO,Thaicom,<generator object Tag._all_strings at 0x0000020007811640>,Success,Thaicom 8,"<td><a href=""/wiki/Falcon_9_Full_Thrust"" title=""Falcon 9 Full Thrust"">F9 FT</a><br/><a href=""/wiki/List_of_Falcon_9_first-stage_boosters"" title=""List of Falcon 9 first-stage boosters"">B1023.1</a><sup class=""reference"" id=""cite_ref-nsf-20170425_136-0""><a href=""#cite_note-nsf-20170425-136""><span class=""cite-bracket"">[</span>129<span class=""cite-bracket"">]</span></a></sup>
</td>","27 May 2016,",21:39
26,,Cape Canaveral,,"3,600 kg",GTO,ABS,<generator object Tag._all_strings at 0x0000020007811940>,Failure,ABS-2A,"<td><a href=""/wiki/Falcon_9_Full_Thrust"" title=""Falcon 9 Full Thrust"">F9 FT</a><br/>B1024.1<sup class=""reference"" id=""cite_ref-skyrocket_1.2_115-1""><a href=""#cite_note-skyrocket_1.2-115""><span class=""cite-bracket"">[</span>108<span class=""cite-bracket"">]</span></a></sup>
</td>","15 June 2016,",14:29
27,,Cape Canaveral,,"2,257 kg",LEO,NASA,<generator object Tag._all_strings at 0x0000020007811A40>,Success,SpaceX CRS-9,"<td><a href=""/wiki/Falcon_9_Full_Thrust"" title=""Falcon 9 Full Thrust"">F9 FT</a><br/>B1025.1<sup class=""reference"" id=""cite_ref-nsf-20170425_136-1""><a href=""#cite_note-nsf-20170425-136""><span class=""cite-bracket"">[</span>129<span class=""cite-bracket"">]</span></a></sup>
</td>","18 July 2016,",04:45
28,,Cape Canaveral,,"4,600 kg",GTO,SKY Perfect JSAT Group,<generator object Tag._all_strings at 0x0000020007811B40>,Success,JCSAT-16,"<td><a href=""/wiki/Falcon_9_Full_Thrust"" title=""Falcon 9 Full Thrust"">F9 FT</a><br/>B1026.1<sup class=""reference"" id=""cite_ref-skyrocket_1.2_115-2""><a href=""#cite_note-skyrocket_1.2-115""><span class=""cite-bracket"">[</span>108<span class=""cite-bracket"">]</span></a></sup>
</td>","14 August 2016,",05:26
29,,VAFB,,"9,600 kg",Polar,Iridium Communications,<generator object Tag._all_strings at 0x0000020007811C40>,Success,Iridium NEXT,"<td><a href=""/wiki/Falcon_9_Full_Thrust"" title=""Falcon 9 Full Thrust"">F9 FT</a><br/><a href=""/wiki/List_of_Falcon_9_first-stage_boosters"" title=""List of Falcon 9 first-stage boosters"">B1029.1</a><sup class=""reference"" id=""cite_ref-NSF-2017-01-17_159-0""><a href=""#cite_note-NSF-2017-01-17-159""><span class=""cite-bracket"">[</span>151<span class=""cite-bracket"">]</span></a></sup>
</td>","14 January 2017,",17:54
30,,KSC,,"2,490 kg",LEO,NASA,<generator object Tag._all_strings at 0x0000020007811D40>,Success,SpaceX CRS-10,"<td><a href=""/wiki/Falcon_9_Full_Thrust"" title=""Falcon 9 Full Thrust"">F9 FT</a><br/>B1031.1<sup class=""reference"" id=""cite_ref-block_numbers_14-15""><a href=""#cite_note-block_numbers-14""><span class=""cite-bracket"">[</span>8<span class=""cite-bracket"">]</span></a></sup>
</td>","19 February 2017,",14:39
31,,KSC,,"5,600 kg",GTO,EchoStar,<generator object Tag._all_strings at 0x0000020007811E40>,No attempt,EchoStar 23,"<td><a href=""/wiki/Falcon_9_Full_Thrust"" title=""Falcon 9 Full Thrust"">F9 FT</a><br/>B1030.1<sup class=""reference"" id=""cite_ref-171""><a href=""#cite_note-171""><span class=""cite-bracket"">[</span>163<span class=""cite-bracket"">]</span></a></sup>
</td>","16 March 2017,",06:00
32,,KSC,,"5,300 kg",GTO,SES,<generator object Tag._all_strings at 0x0000020007811F40>,Success,SES-10,"<td><a href=""/wiki/Falcon_9_Full_Thrust"" title=""Falcon 9 Full Thrust"">F9 FT</a> <abbr title=""Flight proven booster"">♺</abbr><br/><a href=""/wiki/List_of_Falcon_9_first-stage_boosters"" title=""List of Falcon 9 first-stage boosters"">B1021.2</a><sup class=""reference"" id=""cite_ref-nsf-20170330_122-2""><a href=""#cite_note-nsf-20170330-122""><span class=""cite-bracket"">[</span>115<span class=""cite-bracket"">]</span></a></sup>
</td>","30 March 2017,",22:27
33,,KSC,,C,LEO,NRO,<generator object Tag._all_strings at 0x0000020007811540>,Success,NROL-76,"<td><a href=""/wiki/Falcon_9_Full_Thrust"" title=""Falcon 9 Full Thrust"">F9 FT</a><br/>B1032.1<sup class=""reference"" id=""cite_ref-nsf-20170425_136-2""><a href=""#cite_note-nsf-20170425-136""><span class=""cite-bracket"">[</span>129<span class=""cite-bracket"">]</span></a></sup>
</td>","1 May 2017,",11:15
34,,KSC,,"6,070 kg",GTO,Inmarsat,<generator object Tag._all_strings at 0x0000020007811840>,No attempt,Inmarsat-5 F4,"<td><a href=""/wiki/Falcon_9_Full_Thrust"" title=""Falcon 9 Full Thrust"">F9 FT</a><br/>B1034.1<sup class=""reference"" id=""cite_ref-187""><a href=""#cite_note-187""><span class=""cite-bracket"">[</span>179<span class=""cite-bracket"">]</span></a></sup>
</td>","15 May 2017,",23:21
35,,KSC,,"2,708 kg",LEO,NASA,<generator object Tag._all_strings at 0x0000020007811740>,Success,SpaceX CRS-11,"<td><a href=""/wiki/Falcon_9_Full_Thrust"" title=""Falcon 9 Full Thrust"">F9 FT</a><br/>B1035.1<sup class=""reference"" id=""cite_ref-nsf-20170528_193-0""><a href=""#cite_note-nsf-20170528-193""><span class=""cite-bracket"">[</span>185<span class=""cite-bracket"">]</span></a></sup>
</td>","3 June 2017,",21:07
36,,KSC,,"3,669 kg",GTO,Bulsatcom,<generator object Tag._all_strings at 0x0000020007811440>,Success,BulgariaSat-1,"<td><a href=""/wiki/Falcon_9_Full_Thrust"" title=""Falcon 9 Full Thrust"">F9 FT</a> ♺ <br/><a href=""/wiki/List_of_Falcon_9_first-stage_boosters"" title=""List of Falcon 9 first-stage boosters"">B1029.2</a><sup class=""reference"" id=""cite_ref-sfn-20170505_203-0""><a href=""#cite_note-sfn-20170505-203""><span class=""cite-bracket"">[</span>195<span class=""cite-bracket"">]</span></a></sup>
</td>","23 June 2017,",19:10
37,,VAFB,,"9,600 kg",LEO,Iridium Communications,<generator object Tag._all_strings at 0x0000020007811340>,Success,Iridium NEXT,"<td><a href=""/wiki/Falcon_9_Full_Thrust"" title=""Falcon 9 Full Thrust"">F9 FT</a><br/>B1036.1<sup class=""reference"" id=""cite_ref-nsf-20170624_206-0""><a href=""#cite_note-nsf-20170624-206""><span class=""cite-bracket"">[</span>198<span class=""cite-bracket"">]</span></a></sup>
</td>","25 June 2017,",20:25
38,,KSC,,"6,761 kg",GTO,Intelsat,<generator object Tag._all_strings at 0x0000020007811240>,No attempt,Intelsat 35e,"<td><a href=""/wiki/Falcon_9_Full_Thrust"" title=""Falcon 9 Full Thrust"">F9 FT</a><br/>B1037.1<sup class=""reference"" id=""cite_ref-nsf-20170629_208-0""><a href=""#cite_note-nsf-20170629-208""><span class=""cite-bracket"">[</span>200<span class=""cite-bracket"">]</span></a></sup>
</td>","5 July 2017,",23:38
39,,KSC,,"3,310 kg",LEO,NASA,<generator object Tag._all_strings at 0x0000020007811140>,Success,SpaceX CRS-12,"<td><a class=""mw-redirect"" href=""/wiki/Falcon_9_Block_4"" title=""Falcon 9 Block 4"">F9 B4</a><br/>B1039.1<sup class=""reference"" id=""cite_ref-nsf-20170814_215-0""><a href=""#cite_note-nsf-20170814-215""><span class=""cite-bracket"">[</span>207<span class=""cite-bracket"">]</span></a></sup>
</td>","14 August 2017,",16:31
40,,VAFB,,475 kg,SSO,NSPO,<generator object Tag._all_strings at 0x0000020007811040>,Success,Formosat-5,"<td><a href=""/wiki/Falcon_9_Full_Thrust"" title=""Falcon 9 Full Thrust"">F9 FT</a><br/>B1038.1<sup class=""reference"" id=""cite_ref-nsf-20170819_217-0""><a href=""#cite_note-nsf-20170819-217""><span class=""cite-bracket"">[</span>209<span class=""cite-bracket"">]</span></a></sup>
</td>","24 August 2017,",18:51
41,,KSC,,"4,990 kg",LEO,USAF,<generator object Tag._all_strings at 0x0000020007810F40>,Success,Boeing X-37B,"<td><a class=""mw-redirect"" href=""/wiki/Falcon_9_Block_4"" title=""Falcon 9 Block 4"">F9 B4</a><br/>B1040.1<sup class=""reference"" id=""cite_ref-skyrocket_1.2_115-4""><a href=""#cite_note-skyrocket_1.2-115""><span class=""cite-bracket"">[</span>108<span class=""cite-bracket"">]</span></a></sup>
</td>","7 September 2017,",14:00
42,,VAFB,,"9,600 kg",Polar,Iridium Communications,<generator object Tag._all_strings at 0x0000020007810E40>,Success,Iridium NEXT,"<td><a class=""mw-redirect"" href=""/wiki/Falcon_9_Block_4"" title=""Falcon 9 Block 4"">F9 B4</a><br/>B1041.1<sup class=""reference"" id=""cite_ref-nsf-20170925_227-0""><a href=""#cite_note-nsf-20170925-227""><span class=""cite-bracket"">[</span>219<span class=""cite-bracket"">]</span></a></sup>
</td>","9 October 2017,",12:37
43,,KSC,,"5,200 kg",GTO,SES S.A.,<generator object Tag._all_strings at 0x0000020007810D40>,Success,SES-11,"<td><a href=""/wiki/Falcon_9_Full_Thrust"" title=""Falcon 9 Full Thrust"">F9 FT</a> ♺ <br/>B1031.2<sup class=""reference"" id=""cite_ref-ses11-reuse_228-0""><a href=""#cite_note-ses11-reuse-228""><span class=""cite-bracket"">[</span>220<span class=""cite-bracket"">]</span></a></sup>
</td>","11 October 2017,",22:53:00
44,,KSC,,"3,500 kg",GTO,KT Corporation,<generator object Tag._all_strings at 0x0000020007812040>,Success,Koreasat 5A,"<td><a class=""mw-redirect"" href=""/wiki/Falcon_9_Block_4"" title=""Falcon 9 Block 4"">F9 B4</a><br/>B1042.1<sup class=""reference"" id=""cite_ref-nsf-20170925_227-2""><a href=""#cite_note-nsf-20170925-227""><span class=""cite-bracket"">[</span>219<span class=""cite-bracket"">]</span></a></sup>
</td>","30 October 2017,",19:34
45,,Cape Canaveral,,"2,205 kg",LEO,NASA,<generator object Tag._all_strings at 0x0000020007812140>,Success,SpaceX CRS-13,"<td><a href=""/wiki/Falcon_9_Full_Thrust"" title=""Falcon 9 Full Thrust"">F9 FT</a> ♺ <br/>B1035.2<sup class=""reference"" id=""cite_ref-nsf-20171111_235-0""><a href=""#cite_note-nsf-20171111-235""><span class=""cite-bracket"">[</span>227<span class=""cite-bracket"">]</span></a></sup>
</td>","15 December 2017,",15:36
46,,VAFB,,"9,600 kg",Polar,Iridium Communications,<generator object Tag._all_strings at 0x0000020007812240>,Controlled,Iridium NEXT,"<td><a href=""/wiki/Falcon_9_Full_Thrust"" title=""Falcon 9 Full Thrust"">F9 FT</a> ♺ <br/>B1036.2<sup class=""reference"" id=""cite_ref-nsf-20171111_235-2""><a href=""#cite_note-nsf-20171111-235""><span class=""cite-bracket"">[</span>227<span class=""cite-bracket"">]</span></a></sup>
</td>","23 December 2017,",01:27
47,,CCAFS,,C,LEO,Northrop Grumman,<generator object Tag._all_strings at 0x0000020007812340>,Success,Zuma,"<td><a href=""/wiki/Falcon_9_Full_Thrust"" title=""Falcon 9 Full Thrust"">F9 B4</a><br/>B1043.1<sup class=""reference"" id=""cite_ref-zuma_246-0""><a href=""#cite_note-zuma-246""><span class=""cite-bracket"">[</span>238<span class=""cite-bracket"">]</span></a></sup>
</td>","8 January 2018,",01:00
48,,CCAFS,,"4,230 kg",GTO,SES,<generator object Tag._all_strings at 0x0000020007812440>,Controlled,GovSat-1,"<td><a href=""/wiki/Falcon_9_Full_Thrust"" title=""Falcon 9 Full Thrust"">F9 FT</a> ♺ <br/>B1032.2<sup class=""reference"" id=""cite_ref-sfn-20180111_254-0""><a href=""#cite_note-sfn-20180111-254""><span class=""cite-bracket"">[</span>245<span class=""cite-bracket"">]</span></a></sup>
</td>","31 January 2018,",21:25
49,,VAFB,,"2,150 kg",SSO,Hisdesat,<generator object Tag._all_strings at 0x0000020007812540>,No attempt,Paz,"<td><a href=""/wiki/Falcon_9_Full_Thrust"" title=""Falcon 9 Full Thrust"">F9 FT</a> ♺<br/>B1038.2<sup class=""reference"" id=""cite_ref-gunter-f9_277-0""><a href=""#cite_note-gunter-f9-277""><span class=""cite-bracket"">[</span>268<span class=""cite-bracket"">]</span></a></sup>
</td>","22 February 2018,",14:17
50,,CCAFS,,"6,092 kg",GTO,Hispasat,<generator object Tag._all_strings at 0x0000020007812640>,No attempt,Hispasat 30W-6,"<td><a class=""mw-redirect"" href=""/wiki/Falcon_9_Block_4"" title=""Falcon 9 Block 4"">F9 B4</a><br/>B1044.1<sup class=""reference"" id=""cite_ref-skyrocket_1.2_115-5""><a href=""#cite_note-skyrocket_1.2-115""><span class=""cite-bracket"">[</span>108<span class=""cite-bracket"">]</span></a></sup>
</td>","6 March 2018,",05:33
51,,VAFB,,"9,600 kg",Polar,Iridium Communications,<generator object Tag._all_strings at 0x0000020007812740>,No attempt,Iridium NEXT,"<td><a class=""mw-redirect"" href=""/wiki/Falcon_9_Block_4"" title=""Falcon 9 Block 4"">F9 B4</a> ♺<br/>B1041.2<sup class=""reference"" id=""cite_ref-gunter-f9_277-2""><a href=""#cite_note-gunter-f9-277""><span class=""cite-bracket"">[</span>268<span class=""cite-bracket"">]</span></a></sup>
</td>","30 March 2018,",14:14
52,,CCAFS,,"2,647 kg",LEO,NASA,<generator object Tag._all_strings at 0x0000020007812840>,No attempt,SpaceX CRS-14,"<td><a class=""mw-redirect"" href=""/wiki/Falcon_9_Block_4"" title=""Falcon 9 Block 4"">F9 B4</a> ♺<br/>B1039.2<sup class=""reference"" id=""cite_ref-nsf-20180328_301-0""><a href=""#cite_note-nsf-20180328-301""><span class=""cite-bracket"">[</span>292<span class=""cite-bracket"">]</span></a></sup>
</td>","2 April 2018,",20:30
53,,CCAFS,,362 kg,HEO,NASA,<generator object Tag._all_strings at 0x0000020007812940>,Success,Transiting Exoplanet Survey Satellite,"<td><a class=""mw-redirect"" href=""/wiki/Falcon_9_Block_4"" title=""Falcon 9 Block 4"">F9 B4</a><br/>B1045.1<sup class=""reference"" id=""cite_ref-gunter-f9_277-3""><a href=""#cite_note-gunter-f9-277""><span class=""cite-bracket"">[</span>268<span class=""cite-bracket"">]</span></a></sup>
</td>","18 April 2018,",22:51
54,,KSC,,"3,600 kg",GTO,Thales-Alenia,<generator object Tag._all_strings at 0x0000020007812A40>,Success,Bangabandhu-1,"<td><a href=""/wiki/Falcon_9_Block_5"" title=""Falcon 9 Block 5"">F9 B5</a><sup class=""reference"" id=""cite_ref-320""><a href=""#cite_note-320""><span class=""cite-bracket"">[</span>311<span class=""cite-bracket"">]</span></a></sup><br/><a href=""/wiki/Falcon_9_B1046"" title=""Falcon 9 B1046"">B1046.1</a><sup class=""reference"" id=""cite_ref-gunter-f9_277-4""><a href=""#cite_note-gunter-f9-277""><span class=""cite-bracket"">[</span>268<span class=""cite-bracket"">]</span></a></sup>
</td>","11 May 2018,",20:14
55,,VAFB,,"6,460 kg",Polar,Iridium Communications,<generator object Tag._all_strings at 0x0000020007812B40>,No attempt,Iridium NEXT,"<td><a class=""mw-redirect"" href=""/wiki/Falcon_9_Block_4"" title=""Falcon 9 Block 4"">F9 B4</a> ♺<br/>B1043.2<sup class=""reference"" id=""cite_ref-331""><a href=""#cite_note-331""><span class=""cite-bracket"">[</span>322<span class=""cite-bracket"">]</span></a></sup>
</td>","22 May 2018,",19:47
56,,CCAFS,,"5,384 kg",GTO,SES,<generator object Tag._all_strings at 0x0000020007812C40>,No attempt,SES-12,"<td><a class=""mw-redirect"" href=""/wiki/Falcon_9_Block_4"" title=""Falcon 9 Block 4"">F9 B4</a> ♺<br/>B1040.2<sup class=""reference"" id=""cite_ref-gunter-f9_277-5""><a href=""#cite_note-gunter-f9-277""><span class=""cite-bracket"">[</span>268<span class=""cite-bracket"">]</span></a></sup>
</td>","4 June 2018,",04:45
57,,CCAFS,,"2,697 kg",LEO,NASA,<generator object Tag._all_strings at 0x0000020007812D40>,No attempt,SpaceX CRS-15,"<td><a class=""mw-redirect"" href=""/wiki/Falcon_9_Block_4"" title=""Falcon 9 Block 4"">F9 B4</a> ♺<br/>B1045.2<sup class=""reference"" id=""cite_ref-346""><a href=""#cite_note-346""><span class=""cite-bracket"">[</span>336<span class=""cite-bracket"">]</span></a></sup>
</td>","29 June 2018,",09:42
58,,CCAFS,,"7,075 kg",GTO,Telesat,<generator object Tag._all_strings at 0x0000020007812E40>,Success,Telstar 19V,"<td><a href=""/wiki/Falcon_9_Block_5"" title=""Falcon 9 Block 5"">F9 B5</a><br/><a href=""/wiki/List_of_Falcon_9_first-stage_boosters"" title=""List of Falcon 9 first-stage boosters"">B1047.1</a>
</td>","22 July 2018,",05:50
59,,VAFB,,"9,600 kg",Polar,Iridium Communications,<generator object Tag._all_strings at 0x0000020007812F40>,Success,Iridium NEXT,"<td><a href=""/wiki/Falcon_9_Block_5"" title=""Falcon 9 Block 5"">F9 B5</a><sup class=""reference"" id=""cite_ref-iridiumboosters_359-0""><a href=""#cite_note-iridiumboosters-359""><span class=""cite-bracket"">[</span>349<span class=""cite-bracket"">]</span></a></sup><br/><a class=""mw-redirect"" href=""/wiki/Falcon_9_booster_B1048"" title=""Falcon 9 booster B1048"">B1048</a>.1<sup class=""reference"" id=""cite_ref-360""><a href=""#cite_note-360""><span class=""cite-bracket"">[</span>350<span class=""cite-bracket"">]</span></a></sup>
</td>","25 July 2018,",11:39
60,,CCAFS,,"5,800 kg",GTO,Telkom Indonesia,<generator object Tag._all_strings at 0x0000020007813040>,Success,Merah Putih,"<td><a href=""/wiki/Falcon_9_Block_5"" title=""Falcon 9 Block 5"">F9 B5</a> ♺ <br/><a class=""mw-redirect"" href=""/wiki/Falcon_9_booster_B1046"" title=""Falcon 9 booster B1046"">B1046.2</a><sup class=""reference"" id=""cite_ref-Ralph-20180727_364-0""><a href=""#cite_note-Ralph-20180727-364""><span class=""cite-bracket"">[</span>354<span class=""cite-bracket"">]</span></a></sup>
</td>","7 August 2018,",05:18
61,,CCAFS,,"7,060 kg",GTO,Telesat,<generator object Tag._all_strings at 0x0000020007813140>,Success,Telstar 18V,"<td><a href=""/wiki/Falcon_9_Block_5"" title=""Falcon 9 Block 5"">F9 B5</a><br/><a class=""mw-redirect"" href=""/wiki/Falcon_9_booster_B1049"" title=""Falcon 9 booster B1049"">B1049.1</a><sup class=""reference"" id=""cite_ref-gunter-f9_277-6""><a href=""#cite_note-gunter-f9-277""><span class=""cite-bracket"">[</span>268<span class=""cite-bracket"">]</span></a></sup>
</td>","10 September 2018,",04:45
62,,VAFB,,"3,000 kg",SSO,CONAE,<generator object Tag._all_strings at 0x0000020007813240>,Success,SAOCOM 1A,"<td><a href=""/wiki/Falcon_9_Block_5"" title=""Falcon 9 Block 5"">F9 B5</a> ♺<br/><a class=""mw-redirect"" href=""/wiki/Falcon_9_booster_B1048"" title=""Falcon 9 booster B1048"">B1048.2</a><sup class=""reference"" id=""cite_ref-374""><a href=""#cite_note-374""><span class=""cite-bracket"">[</span>364<span class=""cite-bracket"">]</span></a></sup>
</td>","8 October 2018,",02:22
63,,KSC,,"5,300 kg",GTO,Es'hailSat,<generator object Tag._all_strings at 0x0000020007813340>,Success,Es'hail 2,"<td><a href=""/wiki/Falcon_9_Block_5"" title=""Falcon 9 Block 5"">F9 B5</a> ♺<br/><a class=""mw-redirect"" href=""/wiki/Falcon_9_booster_B1047"" title=""Falcon 9 booster B1047"">B1047.2</a><sup class=""reference"" id=""cite_ref-gunter-f9_277-7""><a href=""#cite_note-gunter-f9-277""><span class=""cite-bracket"">[</span>268<span class=""cite-bracket"">]</span></a></sup>
</td>","15 November 2018,",20:46
64,,VAFB,,"~4,000 kg",SSO,Spaceflight Industries,<generator object Tag._all_strings at 0x0000020007813440>,Success,SSO-A,"<td><a href=""/wiki/Falcon_9_Block_5"" title=""Falcon 9 Block 5"">F9 B5</a> ♺ <a class=""mw-redirect"" href=""/wiki/Falcon_9_booster_B1046"" title=""Falcon 9 booster B1046"">B1046.3</a><sup class=""reference"" id=""cite_ref-gunter-f9_277-8""><a href=""#cite_note-gunter-f9-277""><span class=""cite-bracket"">[</span>268<span class=""cite-bracket"">]</span></a></sup><br/><a href=""/wiki/SHERPA_(space_tug)"" title=""SHERPA (space tug)"">SHERPA</a>
</td>","3 December 2018,",18:34:05
65,,CCAFS,,"2,500 kg",LEO,NASA,<generator object Tag._all_strings at 0x0000020007813540>,Failure,SpaceX CRS-16,"<td><a href=""/wiki/Falcon_9_Block_5"" title=""Falcon 9 Block 5"">F9 B5</a><br/><a class=""mw-redirect"" href=""/wiki/Falcon_9_booster_B1050"" title=""Falcon 9 booster B1050"">B1050</a><sup class=""reference"" id=""cite_ref-gunter-f9_277-9""><a href=""#cite_note-gunter-f9-277""><span class=""cite-bracket"">[</span>268<span class=""cite-bracket"">]</span></a></sup>
</td>","5 December 2018,",18:16
66,,CCAFS,,"4,400 kg",MEO,USAF,<generator object Tag._all_strings at 0x0000020007813640>,No attempt,GPS III,"<td><a href=""/wiki/Falcon_9_Block_5"" title=""Falcon 9 Block 5"">F9 B5</a><br/>B1054<sup class=""reference"" id=""cite_ref-nsf-20181022_397-0""><a href=""#cite_note-nsf-20181022-397""><span class=""cite-bracket"">[</span>387<span class=""cite-bracket"">]</span></a></sup>
</td>","23 December 2018,",13:51
67,,VAFB,,"9,600 kg",Polar,Iridium Communications,<generator object Tag._all_strings at 0x0000020007813740>,Success,Iridium NEXT,"<td><a href=""/wiki/Falcon_9_Block_5"" title=""Falcon 9 Block 5"">F9 B5</a> ♺<br/><a class=""mw-redirect"" href=""/wiki/Falcon_9_booster_B1049"" title=""Falcon 9 booster B1049"">B1049.2</a><sup class=""reference"" id=""cite_ref-407""><a href=""#cite_note-407""><span class=""cite-bracket"">[</span>397<span class=""cite-bracket"">]</span></a></sup>
</td>","11 January 2019,",15:31
68,,CCAFS,,"4,850 kg",GTO,PSN,<generator object Tag._all_strings at 0x0000020007813840>,Success,Nusantara Satu,"<td><a href=""/wiki/Falcon_9_Block_5"" title=""Falcon 9 Block 5"">F9 B5</a> ♺<br/><a class=""mw-redirect"" href=""/wiki/Falcon_9_booster_B1048"" title=""Falcon 9 booster B1048"">B1048.3</a><sup class=""reference"" id=""cite_ref-409""><a href=""#cite_note-409""><span class=""cite-bracket"">[</span>399<span class=""cite-bracket"">]</span></a></sup>
</td>","22 February 2019,",01:45
69,,KSC,,"12,055 kg",LEO,NASA,<generator object Tag._all_strings at 0x0000020007813A40>,Success,Crew Dragon Demo-1,"<td><a href=""/wiki/Falcon_9_Block_5"" title=""Falcon 9 Block 5"">F9 B5</a><br/>B1051.1<sup class=""reference"" id=""cite_ref-gunter-f9_277-10""><a href=""#cite_note-gunter-f9-277""><span class=""cite-bracket"">[</span>268<span class=""cite-bracket"">]</span></a></sup><sup class=""reference"" id=""cite_ref-nac-ccp_423-0""><a href=""#cite_note-nac-ccp-423""><span class=""cite-bracket"">[</span>413<span class=""cite-bracket"">]</span></a></sup>
</td>","2 March 2019,",07:49
70,,CCAFS,,"2,495 kg",LEO,NASA,<generator object Tag._all_strings at 0x0000020007813B40>,Success,SpaceX CRS-17,"<td><a href=""/wiki/Falcon_9_Block_5"" title=""Falcon 9 Block 5"">F9 B5</a><br/><a class=""mw-redirect"" href=""/wiki/Falcon_9_booster_B1056"" title=""Falcon 9 booster B1056"">B1056.1</a><sup class=""reference"" id=""cite_ref-nsf-20190306_431-1""><a href=""#cite_note-nsf-20190306-431""><span class=""cite-bracket"">[</span>420<span class=""cite-bracket"">]</span></a></sup>
</td>","4 May 2019,",06:48
71,,CCAFS,,"13,620 kg",LEO,SpaceX,<generator object Tag._all_strings at 0x0000020007813C40>,Success,Starlink,"<td><a href=""/wiki/Falcon_9_Block_5"" title=""Falcon 9 Block 5"">F9 B5</a> ♺<br/><a class=""mw-redirect"" href=""/wiki/Falcon_9_booster_B1049"" title=""Falcon 9 booster B1049"">B1049.3</a><sup class=""reference"" id=""cite_ref-446""><a href=""#cite_note-446""><span class=""cite-bracket"">[</span>434<span class=""cite-bracket"">]</span></a></sup>
</td>","24 May 2019,",02:30
72,,VAFB,,"4,200 kg",SSO,Canadian Space Agency,<generator object Tag._all_strings at 0x0000020007813D40>,Success,RADARSAT Constellation,"<td><a href=""/wiki/Falcon_9_Block_5"" title=""Falcon 9 Block 5"">F9 B5</a> ♺<br/>B1051.2<sup class=""reference"" id=""cite_ref-nsf-20190306_431-2""><a href=""#cite_note-nsf-20190306-431""><span class=""cite-bracket"">[</span>420<span class=""cite-bracket"">]</span></a></sup>
</td>","12 June 2019,",14:17
73,,CCAFS,,"2,268 kg",LEO,NASA,<generator object Tag._all_strings at 0x0000020007813E40>,Success,SpaceX CRS-18,"<td><a href=""/wiki/Falcon_9_Block_5"" title=""Falcon 9 Block 5"">F9 B5</a> ♺<br/><a class=""mw-redirect"" href=""/wiki/Falcon_9_booster_B1056"" title=""Falcon 9 booster B1056"">B1056.2</a><sup class=""reference"" id=""cite_ref-B1056use_477-0""><a href=""#cite_note-B1056use-477""><span class=""cite-bracket"">[</span>465<span class=""cite-bracket"">]</span></a></sup>
</td>","25 July 2019,",22:01
74,,CCAFS,,"6,500 kg",GTO,Spacecom,<generator object Tag._all_strings at 0x00000200077D4040>,No attempt,AMOS-17,"<td><a href=""/wiki/Falcon_9_Block_5"" title=""Falcon 9 Block 5"">F9 B5</a> ♺<br/><a class=""mw-redirect"" href=""/wiki/Falcon_9_booster_B1047"" title=""Falcon 9 booster B1047"">B1047.3</a><sup class=""reference"" id=""cite_ref-484""><a href=""#cite_note-484""><span class=""cite-bracket"">[</span>472<span class=""cite-bracket"">]</span></a></sup>
</td>","6 August 2019,",23:23
75,,CCAFS,,"15,600 kg",LEO,SpaceX,<generator object Tag._all_strings at 0x00000200077D4140>,Success,Starlink,"<td><a href=""/wiki/Falcon_9_Block_5"" title=""Falcon 9 Block 5"">F9 B5</a> ♺<br/><a class=""mw-redirect"" href=""/wiki/B1048"" title=""B1048"">B1048.4</a>
</td>","11 November 2019,",14:56
76,,CCAFS,,"2,617 kg",LEO,NASA,<generator object Tag._all_strings at 0x00000200077D4240>,Success,SpaceX CRS-19,"<td><a href=""/wiki/Falcon_9_Block_5"" title=""Falcon 9 Block 5"">F9 B5</a><br/>B1059.1<sup class=""reference"" id=""cite_ref-:02_494-0""><a href=""#cite_note-:02-494""><span class=""cite-bracket"">[</span>482<span class=""cite-bracket"">]</span></a></sup>
</td>","5 December 2019,",17:29
77,,CCAFS,,"6,956 kg",GTO,Sky Perfect JSAT,<generator object Tag._all_strings at 0x00000200077D4340>,Success,JCSat-18,"<td><a href=""/wiki/Falcon_9_Block_5"" title=""Falcon 9 Block 5"">F9 B5</a> ♺<br/><a class=""mw-redirect"" href=""/wiki/B1056"" title=""B1056"">B1056.3</a><sup class=""reference"" id=""cite_ref-:02_494-1""><a href=""#cite_note-:02-494""><span class=""cite-bracket"">[</span>482<span class=""cite-bracket"">]</span></a></sup>
</td>","17 December 2019,",00:10
78,,CCAFS,,"15,600 kg",LEO,SpaceX,<generator object Tag._all_strings at 0x0000020007813940>,Success,Starlink,"<td><a href=""/wiki/Falcon_9_Block_5"" title=""Falcon 9 Block 5"">F9 B5</a> ♺ <br/><a href=""/wiki/List_of_Falcon_9_first-stage_boosters#B1049"" title=""List of Falcon 9 first-stage boosters"">B1049.4</a>
</td>","7 January 2020,",02:19:21
79,,KSC,,"12,050 kg",Sub-orbital,NASA,<generator object Tag._all_strings at 0x00000200077D4440>,"No attempt
",Crew Dragon in-flight abort test,"<td><a href=""/wiki/Falcon_9_Block_5"" title=""Falcon 9 Block 5"">F9 B5</a> ♺ <br/><a class=""mw-redirect"" href=""/wiki/B1046"" title=""B1046"">B1046.4</a>
</td>","19 January 2020,",15:30
80,,CCAFS,,"15,600 kg",LEO,SpaceX,<generator object Tag._all_strings at 0x00000200077D4540>,Success,Starlink,"<td><a href=""/wiki/Falcon_9_Block_5"" title=""Falcon 9 Block 5"">F9 B5</a> ♺<br/><a class=""mw-redirect"" href=""/wiki/Falcon_9_booster_B1051"" title=""Falcon 9 booster B1051"">B1051.3</a>
</td>","29 January 2020,",14:07
81,,CCAFS,,"15,600 kg",LEO,SpaceX,<generator object Tag._all_strings at 0x00000200077D4640>,Failure,Starlink,"<td><a href=""/wiki/Falcon_9_Block_5"" title=""Falcon 9 Block 5"">F9 B5</a> ♺<br/><a class=""mw-redirect"" href=""/wiki/Falcon_9_booster_B1056"" title=""Falcon 9 booster B1056"">B1056.4</a>
</td>","17 February 2020,",15:05
82,,CCAFS,,"1,977 kg",LEO,NASA,<generator object Tag._all_strings at 0x00000200077D4740>,Success,SpaceX CRS-20,"<td><a href=""/wiki/Falcon_9_Block_5"" title=""Falcon 9 Block 5"">F9 B5</a> ♺<br/><a href=""/wiki/List_of_Falcon_9_first-stage_boosters#B1059"" title=""List of Falcon 9 first-stage boosters"">B1059.2</a>
</td>","7 March 2020,",04:50
83,,KSC,,"15,600 kg",LEO,SpaceX,<generator object Tag._all_strings at 0x00000200077D4840>,Failure,Starlink,"<td><a href=""/wiki/Falcon_9_Block_5"" title=""Falcon 9 Block 5"">F9 B5</a> ♺ <br/><a class=""mw-redirect"" href=""/wiki/Falcon_9_booster_B1048"" title=""Falcon 9 booster B1048"">B1048.5</a>
</td>","18 March 2020,",12:16
84,,KSC,,"15,600 kg",LEO,SpaceX,<generator object Tag._all_strings at 0x00000200077D4940>,Success,Starlink,"<td><a href=""/wiki/Falcon_9_Block_5"" title=""Falcon 9 Block 5"">F9 B5</a> ♺<br/><a href=""/wiki/List_of_Falcon_9_first-stage_boosters#B1051"" title=""List of Falcon 9 first-stage boosters"">B1051.4</a>
</td>","22 April 2020,",19:30
85,,KSC,,"12,530 kg",LEO,NASA,<generator object Tag._all_strings at 0x00000200077D4A40>,Success,Crew Dragon Demo-2,"<td><a href=""/wiki/Falcon_9_Block_5"" title=""Falcon 9 Block 5"">F9 B5</a><br/><a href=""/wiki/List_of_Falcon_9_first-stage_boosters#B1058"" title=""List of Falcon 9 first-stage boosters"">B1058.1</a><sup class=""reference"" id=""cite_ref-nsf_2Aug19_530-0""><a href=""#cite_note-nsf_2Aug19-530""><span class=""cite-bracket"">[</span>518<span class=""cite-bracket"">]</span></a></sup>
</td>","30 May 2020,",19:22
86,,CCAFS,,"15,600 kg",LEO,SpaceX,<generator object Tag._all_strings at 0x00000200077D4B40>,Success,Starlink,"<td><a href=""/wiki/Falcon_9_Block_5"" title=""Falcon 9 Block 5"">F9 B5</a> ♺<br/><a href=""/wiki/List_of_Falcon_9_first-stage_boosters#B1049"" title=""List of Falcon 9 first-stage boosters"">B1049.5</a>
</td>","4 June 2020,",01:25
87,,CCAFS,,"15,410 kg",LEO,SpaceX,<generator object Tag._all_strings at 0x00000200077D4C40>,Success,Starlink,"<td><a href=""/wiki/Falcon_9_Block_5"" title=""Falcon 9 Block 5"">F9 B5</a> ♺<br/><a href=""/wiki/List_of_Falcon_9_first-stage_boosters#B1059"" title=""List of Falcon 9 first-stage boosters"">B1059.3</a>
</td>","13 June 2020,",09:21
88,,CCAFS,,"4,311 kg",MEO,U.S. Space Force,<generator object Tag._all_strings at 0x00000200077D4D40>,Success,GPS III,"<td><a href=""/wiki/Falcon_9_Block_5"" title=""Falcon 9 Block 5"">F9 B5</a><br/><a href=""/wiki/List_of_Falcon_9_first-stage_boosters#B1060"" title=""List of Falcon 9 first-stage boosters"">B1060.1</a>
</td>","30 June 2020,",20:10:46
89,,CCAFS,,"5,000–6,000 kg",GTO,Republic of Korea Army,<generator object Tag._all_strings at 0x00000200077D4E40>,Success,ANASIS-II,"<td><a href=""/wiki/Falcon_9_Block_5"" title=""Falcon 9 Block 5"">F9 B5</a> ♺ <br/><a href=""/wiki/List_of_Falcon_9_first-stage_boosters#B1058"" title=""List of Falcon 9 first-stage boosters"">B1058.2</a><sup class=""reference"" id=""cite_ref-Gunter_556-0""><a href=""#cite_note-Gunter-556""><span class=""cite-bracket"">[</span>544<span class=""cite-bracket"">]</span></a></sup>
</td>","20 July 2020,",21:30
90,,KSC,,"14,932 kg",LEO,SpaceX,<generator object Tag._all_strings at 0x00000200077D4F40>,Success,Starlink,"<td><a href=""/wiki/Falcon_9_Block_5"" title=""Falcon 9 Block 5"">F9 B5</a> ♺<br/><a href=""/wiki/List_of_Falcon_9_first-stage_boosters#B1051"" title=""List of Falcon 9 first-stage boosters"">B1051.5</a>
</td>","7 August 2020,",05:12
91,,CCAFS,,"~15,440 kg",LEO,SpaceX,<generator object Tag._all_strings at 0x00000200077D5040>,Success,Starlink,"<td><a href=""/wiki/Falcon_9_Block_5"" title=""Falcon 9 Block 5"">F9 B5</a> ♺<br/><a href=""/wiki/List_of_Falcon_9_first-stage_boosters#B1049"" title=""List of Falcon 9 first-stage boosters"">B1049.6</a><sup class=""reference"" id=""cite_ref-Gunter_556-1""><a href=""#cite_note-Gunter-556""><span class=""cite-bracket"">[</span>544<span class=""cite-bracket"">]</span></a></sup>
</td>",18 August 2020,14:31
92,,CCAFS,,"3,130 kg",SSO,CONAE,<generator object Tag._all_strings at 0x00000200077D5140>,Success,SAOCOM 1B,"<td><a href=""/wiki/Falcon_9_Block_5"" title=""Falcon 9 Block 5"">F9 B5</a> ♺<br/><a href=""/wiki/List_of_Falcon_9_first-stage_boosters#B1059"" title=""List of Falcon 9 first-stage boosters"">B1059.4</a>
</td>",30 August 2020,23:18
93,,KSC,,"15,600 kg",LEO,SpaceX,<generator object Tag._all_strings at 0x00000200077D5240>,Success,Starlink,"<td><a href=""/wiki/Falcon_9_Block_5"" title=""Falcon 9 Block 5"">F9 B5</a> ♺<br/><a href=""/wiki/List_of_Falcon_9_first-stage_boosters#B1060"" title=""List of Falcon 9 first-stage boosters"">B1060.2</a><sup class=""reference"" id=""cite_ref-nsf290820_575-0""><a href=""#cite_note-nsf290820-575""><span class=""cite-bracket"">[</span>563<span class=""cite-bracket"">]</span></a></sup>
</td>",3 September 2020,12:46:14
94,,KSC,,"15,600 kg",LEO,SpaceX,<generator object Tag._all_strings at 0x00000200077D5340>,Success,Starlink,"<td><a href=""/wiki/Falcon_9_Block_5"" title=""Falcon 9 Block 5"">F9 B5</a> ♺<br/><a href=""/wiki/List_of_Falcon_9_first-stage_boosters"" title=""List of Falcon 9 first-stage boosters"">B1058.3</a><sup class=""reference"" id=""cite_ref-577""><a href=""#cite_note-577""><span class=""cite-bracket"">[</span>565<span class=""cite-bracket"">]</span></a></sup>
</td>",6 October 2020,11:29:34
95,,KSC,,"15,600 kg",LEO,SpaceX,<generator object Tag._all_strings at 0x00000200077D5440>,Success,Starlink,"<td><a href=""/wiki/Falcon_9_Block_5"" title=""Falcon 9 Block 5"">F9 B5</a> ♺<br/><a href=""/wiki/List_of_Falcon_9_first-stage_boosters"" title=""List of Falcon 9 first-stage boosters"">B1051.6</a><sup class=""reference"" id=""cite_ref-580""><a href=""#cite_note-580""><span class=""cite-bracket"">[</span>568<span class=""cite-bracket"">]</span></a></sup>
</td>",18 October 2020,12:25:57
96,,CCAFS,,"15,600 kg",LEO,SpaceX,<generator object Tag._all_strings at 0x00000200077D5540>,Success,Starlink,"<td><a href=""/wiki/Falcon_9_Block_5"" title=""Falcon 9 Block 5"">F9 B5</a> ♺<br/><a href=""/wiki/List_of_Falcon_9_first-stage_boosters"" title=""List of Falcon 9 first-stage boosters"">B1060.3</a>
</td>",24 October 2020,15:31:34
97,,CCAFS,,"4,311 kg",MEO,USSF,<generator object Tag._all_strings at 0x00000200077D5640>,Success,GPS III,"<td><a href=""/wiki/Falcon_9_Block_5"" title=""Falcon 9 Block 5"">F9 B5</a><br/><a href=""/wiki/List_of_Falcon_9_first-stage_boosters#B1062"" title=""List of Falcon 9 first-stage boosters"">B1062.1</a>
</td>",5 November 2020,23:24:23
98,,KSC,,"~12,500 kg",LEO,NASA,<generator object Tag._all_strings at 0x00000200077D5740>,Success,Crew-1,"<td><a href=""/wiki/Falcon_9_Block_5"" title=""Falcon 9 Block 5"">F9 B5</a><br/><a href=""/wiki/List_of_Falcon_9_first-stage_boosters#B1061"" title=""List of Falcon 9 first-stage boosters"">B1061.1</a><sup class=""reference"" id=""cite_ref-594""><a href=""#cite_note-594""><span class=""cite-bracket"">[</span>582<span class=""cite-bracket"">]</span></a></sup>
</td>",16 November 2020,00:27
99,,VAFB,,"1,192 kg",LEO,NASA,<generator object Tag._all_strings at 0x00000200077D5840>,Success,Sentinel-6 Michael Freilich (Jason-CS A),"<td><a href=""/wiki/Falcon_9_Block_5"" title=""Falcon 9 Block 5"">F9 B5</a><br/><a href=""/wiki/List_of_Falcon_9_first-stage_boosters#B1063"" title=""List of Falcon 9 first-stage boosters"">B1063.1</a>
</td>",21 November 2020,17:17:08
100,,CCAFS,,"15,600 kg",LEO,SpaceX,<generator object Tag._all_strings at 0x00000200077D5940>,Success,Starlink,"<td><a href=""/wiki/Falcon_9_Block_5"" title=""Falcon 9 Block 5"">F9 B5 ♺</a><br/><a href=""/wiki/List_of_Falcon_9_first-stage_boosters#B1049"" title=""List of Falcon 9 first-stage boosters"">B1049.7</a><sup class=""reference"" id=""cite_ref-602""><a href=""#cite_note-602""><span class=""cite-bracket"">[</span>590<span class=""cite-bracket"">]</span></a></sup>
</td>",25 November 2020,02:13
101,,KSC,,"2,972 kg",LEO,NASA,<generator object Tag._all_strings at 0x00000200077D5A40>,Success,SpaceX CRS-21,"<td><a href=""/wiki/Falcon_9_Block_5"" title=""Falcon 9 Block 5"">F9 B5 ♺</a><br/><a href=""/wiki/List_of_Falcon_9_first-stage_boosters"" title=""List of Falcon 9 first-stage boosters"">B1058.4</a><sup class=""reference"" id=""cite_ref-nextspaceflight-20201013_604-0""><a href=""#cite_note-nextspaceflight-20201013-604""><span class=""cite-bracket"">[</span>592<span class=""cite-bracket"">]</span></a></sup>
</td>",6 December 2020,16:17:08
102,,CCSFS,,"7,000 kg",GTO,Sirius XM,<generator object Tag._all_strings at 0x00000200077D5B40>,Success,SXM-7,"<td><a href=""/wiki/Falcon_9_Block_5"" title=""Falcon 9 Block 5"">F9 B5 ♺</a><br/><a href=""/wiki/List_of_Falcon_9_first-stage_boosters"" title=""List of Falcon 9 first-stage boosters"">B1051.7</a>
</td>",13 December 2020,17:30:00
103,,KSC,,C,LEO,NRO,<generator object Tag._all_strings at 0x00000200077D5C40>,Success,NROL-108,"<td><a href=""/wiki/Falcon_9_Block_5"" title=""Falcon 9 Block 5"">F9 B5 ♺</a><br/><a href=""/wiki/List_of_Falcon_9_first-stage_boosters#B1059"" title=""List of Falcon 9 first-stage boosters"">B1059.5</a>
</td>",19 December 2020,14:00:00
104,,CCSFS,,"3,500 kg",GTO,Türksat,<generator object Tag._all_strings at 0x00000200077D5D40>,Success,Türksat 5A,"<td><a href=""/wiki/Falcon_9_Block_5"" title=""Falcon 9 Block 5"">F9 B5</a> ♺<br/><a href=""/wiki/List_of_Falcon_9_first-stage_boosters#B1060"" title=""List of Falcon 9 first-stage boosters"">B1060.4</a>
</td>",8 January 2021,02:15
105,,KSC,,"15,600 kg",LEO,SpaceX,<generator object Tag._all_strings at 0x00000200077D5E40>,Success,Starlink,"<td><a href=""/wiki/Falcon_9_Block_5"" title=""Falcon 9 Block 5"">F9 B5</a> ♺<br/><a href=""/wiki/List_of_Falcon_9_first-stage_boosters#B1051"" title=""List of Falcon 9 first-stage boosters"">B1051.8</a><sup class=""reference"" id=""cite_ref-621""><a href=""#cite_note-621""><span class=""cite-bracket"">[</span>609<span class=""cite-bracket"">]</span></a></sup>
</td>",20 January 2021,13:02
106,,CCSFS,,"~5,000 kg",SSO,SpaceX,"Success
",Failure,Transporter-1,"<td><a href=""/wiki/Falcon_9_Block_5"" title=""Falcon 9 Block 5"">F9 B5</a> ♺<br/><a href=""/wiki/List_of_Falcon_9_first-stage_boosters#B1058"" title=""List of Falcon 9 first-stage boosters"">B1058.5</a><sup class=""reference"" id=""cite_ref-625""><a href=""#cite_note-625""><span class=""cite-bracket"">[</span>613<span class=""cite-bracket"">]</span></a></sup>
</td>",24 January 2021,15:00
1,,CCAFS,,0,LEO,NASA,Success,Failure,Dragon Spacecraft Qualification Unit,F9 v1.07B0003.18,4 June 2010,18:45
2,,CCAFS,,0,LEO,NASA,Success,"No attempt
",Dragon,F9 v1.07B0004.18,8 December 2010,15:43
3,,CCAFS,,525 kg,LEO,NASA,"Success
",No attempt,Dragon,F9 v1.07B0005.18,22 May 2012,07:44
4,,CCAFS,,"4,700 kg",LEO,NASA,"Success
","No attempt
",SpaceX CRS-1,F9 v1.07B0006.18,8 October 2012,00:35
5,,CCAFS,,"4,877 kg",LEO,MDA,Success,Uncontrolled,SpaceX CRS-2,F9 v1.07B0007.18,1 March 2013,15:10
6,,VAFB,,500 kg,Polar orbit,SES,Success,No attempt,CASSIOPE,F9 v1.17B10038,29 September 2013,16:00
7,,CCAFS,,"3,170 kg",GTO,Thaicom,Success,No attempt,SES-8,F9 v1.1,3 December 2013,22:41
8,,CCAFS,,"3,325 kg",GTO,NASA,"Success
",Controlled,Thaicom 6,F9 v1.1,6 January 2014,22:06
9,,Cape Canaveral,,"2,296 kg",LEO,Orbcomm,Success,Controlled,SpaceX CRS-3,F9 v1.1,18 April 2014,19:25
10,,Cape Canaveral,,"1,316 kg",LEO,AsiaSat,Success,No attempt,Orbcomm-OG2,F9 v1.1,14 July 2014,15:15
11,,Cape Canaveral,,"4,535 kg",GTO,AsiaSat,Success,"No attempt
",AsiaSat 8,F9 v1.1,5 August 2014,08:00
12,,Cape Canaveral,,"4,428 kg",GTO,NASA,Success,Uncontrolled,AsiaSat 6,F9 v1.1[,7 September 2014,05:00
13,,Cape Canaveral,,"2,216 kg",LEO,NASA,Success,Failure ,SpaceX CRS-4,F9 v1.1[,21 September 2014,05:52
14,,Cape Canaveral,,"2,395 kg",LEO,USAF,"Success
",Controlled,SpaceX CRS-5,F9 v1.1[,10 January 2015,09:47
15,,Cape Canaveral,,570 kg,HEO,ABS,"Success
",No attempt,DSCOVR,F9 v1.1[,11 February 2015,23:03
16,,Cape Canaveral,,"4,159 kg",GTO,NASA,"Success
",Failure,ABS-3A,F9 v1.1[,2 March 2015,03:50
17,,Cape Canaveral,,"1,898 kg",LEO,,"Success
",No attempt,SpaceX CRS-6,F9 v1.1[,14 April 2015,20:10
18,,Cape Canaveral,,"4,707 kg",GTO,NASA,Failure,Precluded,TürkmenÄlem 52°E / MonacoSAT,F9 v1.1[,27 April 2015,23:03
19,,Cape Canaveral,,"1,952 kg",LEO,Orbcomm,"Success
",Success,SpaceX CRS-7,F9 v1.1[,28 June 2015,14:21
20,,Cape Canaveral,,"2,034 kg",LEO,NASA,"Success
",Failure,Orbcomm-OG2,F9 FT[,22 December 2015,01:29
21,,VAFB,,553 kg,LEO,SES,"Success
",Failure,Jason-3,F9 v1.1[,17 January 2016,18:42
22,,Cape Canaveral,,"5,271 kg",GTO,NASA,Success,Success,SES-9,F9 FT[,4 March 2016,23:35
23,,Cape Canaveral,,"3,136 kg",LEO,SKY Perfect JSAT Group,"Success
",Success,SpaceX CRS-8,F9 FT[,8 April 2016,20:43
24,,Cape Canaveral,,"4,696 kg",GTO,Thaicom,"Success
",Success,JCSAT-14,F9 FT[,6 May 2016,05:21
25,,Cape Canaveral,,"3,100 kg",GTO,ABS,"Success
",Failure,Thaicom 8,F9 FT[,27 May 2016,21:39
26,,Cape Canaveral,,"3,600 kg",GTO,NASA,"Success
",Success,ABS-2A,F9 FT[,15 June 2016,14:29
27,,Cape Canaveral,,"2,257 kg",LEO,SKY Perfect JSAT Group,"Success
",Success,SpaceX CRS-9,F9 FT[,18 July 2016,04:45
28,,Cape Canaveral,,"4,600 kg",GTO,Iridium Communications,"Success
",Success,JCSAT-16,F9 FT[,14 August 2016,05:26
29,,VAFB,,"9,600 kg",Polar,NASA,"Success
",Success,Iridium NEXT,F9 FT[,14 January 2017,17:54
30,,KSC,,"2,490 kg",LEO,EchoStar,"Success
",No attempt,SpaceX CRS-10,F9 FT[,19 February 2017,14:39
31,,KSC,,"5,600 kg",GTO,SES,Success,Success,EchoStar 23,F9 FT[,16 March 2017,06:00
32,,KSC,,"5,300 kg",GTO,NRO,"Success
",Success,SES-10,F9 FT♺[,30 March 2017,22:27
33,,KSC,,C,LEO,Inmarsat,"Success
",No attempt,NROL-76,F9 FT[,1 May 2017,11:15
34,,KSC,,"6,070 kg",GTO,NASA,"Success
",Success,Inmarsat-5 F4,F9 FT[,15 May 2017,23:21
35,,KSC,,"2,708 kg",LEO,Bulsatcom,"Success
",Success,SpaceX CRS-11,F9 FT[,3 June 2017,21:07
36,,KSC,,"3,669 kg",GTO,Iridium Communications,"Success
",Success,BulgariaSat-1,F9 FTB1029.2195,23 June 2017,19:10
37,,VAFB,,"9,600 kg",LEO,Intelsat,"Success
",No attempt,Iridium NEXT,F9 FT[,25 June 2017,20:25
38,,KSC,,"6,761 kg",GTO,NASA,"Success
",Success,Intelsat 35e,F9 FT[,5 July 2017,23:38
39,,KSC,,"3,310 kg",LEO,NSPO,"Success
",Success,SpaceX CRS-12,F9 B4[,14 August 2017,16:31
40,,VAFB,,475 kg,SSO,USAF,"Success
",Success,Formosat-5,F9 FT[,24 August 2017,18:51
41,,KSC,,"4,990 kg",LEO,Iridium Communications,"Success
",Success,Boeing X-37B,F9 B4[,7 September 2017,14:00
42,,VAFB,,"9,600 kg",Polar,SES S.A.,"Success
",Success,Iridium NEXT,F9 B4[,9 October 2017,12:37
43,,KSC,,"5,200 kg",GTO,KT Corporation,"Success
",Success,SES-11,F9 FTB1031.2220,11 October 2017,22:53:00
44,,KSC,,"3,500 kg",GTO,NASA,"Success
",Success,Koreasat 5A,F9 B4[,30 October 2017,19:34
45,,Cape Canaveral,,"2,205 kg",LEO,Iridium Communications,Success,Controlled,SpaceX CRS-13,F9 FTB1035.2227,15 December 2017,15:36
46,,VAFB,,"9,600 kg",Polar,Northrop Grumman,Success,Success,Iridium NEXT,F9 FTB1036.2227,23 December 2017,01:27
47,,CCAFS,,C,LEO,SES,Success,Controlled,Zuma,F9 B4[,8 January 2018,01:00
48,,CCAFS,,"4,230 kg",GTO,Hisdesat,Success,No attempt,GovSat-1,F9 FTB1032.2245,31 January 2018,21:25
49,,VAFB,,"2,150 kg",SSO,Hispasat,Success,No attempt,Paz,F9 FTB1038.2268,22 February 2018,14:17
50,,CCAFS,,"6,092 kg",GTO,Iridium Communications,Success,No attempt,Hispasat 30W-6,F9 B4[,6 March 2018,05:33
51,,VAFB,,"9,600 kg",Polar,NASA,Success,No attempt,Iridium NEXT,F9 B4B1041.2268,30 March 2018,14:14
52,,CCAFS,,"2,647 kg",LEO,NASA,Success,Success,SpaceX CRS-14,F9 B4B1039.2292,2 April 2018,20:30
53,,CCAFS,,362 kg,HEO,Thales-Alenia,Success,Success,Transiting Exoplanet Survey Satellite,F9 B4[,18 April 2018,22:51
54,,KSC,,"3,600 kg",GTO,Iridium Communications,Success,No attempt,Bangabandhu-1,F9 B5311B1046.1268,11 May 2018,20:14
55,,VAFB,,"6,460 kg",Polar,SES,Success,No attempt,Iridium NEXT,F9 B4B1043.2322,22 May 2018,19:47
56,,CCAFS,,"5,384 kg",GTO,NASA,Success,No attempt,SES-12,F9 B4B1040.2268,4 June 2018,04:45
57,,CCAFS,,"2,697 kg",LEO,Telesat,Success,Success,SpaceX CRS-15,F9 B4B1045.2336,29 June 2018,09:42
58,,CCAFS,,"7,075 kg",GTO,Iridium Communications,Success,Success,Telstar 19V,F9 B5,22 July 2018,05:50
59,,VAFB,,"9,600 kg",Polar,Telkom Indonesia,Success,Success,Iridium NEXT,F9 B5349B1048[,25 July 2018,11:39
60,,CCAFS,,"5,800 kg",GTO,Telesat,Success,Success,Merah Putih,F9 B5B1046.2354,7 August 2018,05:18
61,,CCAFS,,"7,060 kg",GTO,CONAE,Success,Success,Telstar 18V,F9 B5[,10 September 2018,04:45
62,,VAFB,,"3,000 kg",SSO,Es'hailSat,Success,Success,SAOCOM 1A,F9 B5B1048.2364,8 October 2018,02:22
63,,KSC,,"5,300 kg",GTO,Spaceflight Industries,Success,Success,Es'hail 2,F9 B5B1047.2268,15 November 2018,20:46
64,,VAFB,,"~4,000 kg",SSO,NASA,"Success
",Failure,SSO-A,F9 B5B1046.3268,3 December 2018,18:34:05
65,,CCAFS,,"2,500 kg",LEO,USAF,Success,No attempt,SpaceX CRS-16,F9 B5[,5 December 2018,18:16
66,,CCAFS,,"4,400 kg",MEO,Iridium Communications,"Success
",Success,GPS III,F9 B5[,23 December 2018,13:51
67,,VAFB,,"9,600 kg",Polar,PSN,"Success
",Success,Iridium NEXT,F9 B5B1049.2397,11 January 2019,15:31
68,,CCAFS,,"4,850 kg",GTO,NASA,"Success
",Success,Nusantara Satu,F9 B5B1048.3399,22 February 2019,01:45
69,,KSC,,"12,055 kg",LEO,NASA,"Success
",Success,Crew Dragon Demo-1,F9 B5[]413,2 March 2019,07:49
70,,CCAFS,,"2,495 kg",LEO,SpaceX,"Success
",Success,SpaceX CRS-17,F9 B5[,4 May 2019,06:48
71,,CCAFS,,"13,620 kg",LEO,Canadian Space Agency,"Success
",Success,Starlink,F9 B5B1049.3434,24 May 2019,02:30
72,,VAFB,,"4,200 kg",SSO,NASA,"Success
",Success,RADARSAT Constellation,F9 B5B1051.2420,12 June 2019,14:17
73,,CCAFS,,"2,268 kg",LEO,Spacecom,"Success
",No attempt,SpaceX CRS-18,F9 B5B1056.2465,25 July 2019,22:01
74,,CCAFS,,"6,500 kg",GTO,SpaceX,"Success
",Success,AMOS-17,F9 B5B1047.3472,6 August 2019,23:23
75,,CCAFS,,"15,600 kg",LEO,NASA,"Success
",Success,Starlink,F9 B5,11 November 2019,14:56
76,,CCAFS,,"2,617 kg",LEO,Sky Perfect JSAT,"Success
",Success,SpaceX CRS-19,F9 B5[,5 December 2019,17:29
77,,CCAFS,,"6,956 kg",GTO,SpaceX,"Success
",Success,JCSat-18,F9 B5B1056.3482,17 December 2019,00:10
78,,CCAFS,,"15,600 kg",LEO,NASA,"Success
","No attempt
",Starlink,F9 B5,7 January 2020,02:19:21
79,,KSC,,"12,050 kg",Sub-orbital,SpaceX,"Success
",Success,Crew Dragon in-flight abort test,F9 B5,19 January 2020,15:30
80,,CCAFS,,"15,600 kg",LEO,SpaceX,"Success
",Failure,Starlink,F9 B5,29 January 2020,14:07
81,,CCAFS,,"15,600 kg",LEO,NASA,"Success
",Success,Starlink,F9 B5,17 February 2020,15:05
82,,CCAFS,,"1,977 kg",LEO,SpaceX,"Success
",Failure,SpaceX CRS-20,F9 B5,7 March 2020,04:50
83,,KSC,,"15,600 kg",LEO,SpaceX,"Success
",Success,Starlink,F9 B5,18 March 2020,12:16
84,,KSC,,"15,600 kg",LEO,NASA,"Success
",Success,Starlink,F9 B5,22 April 2020,19:30
85,,KSC,,"12,530 kg",LEO,SpaceX,"Success
",Success,Crew Dragon Demo-2,F9 B5[,30 May 2020,19:22
86,,CCAFS,,"15,600 kg",LEO,SpaceX,"Success
",Success,Starlink,F9 B5,4 June 2020,01:25
87,,CCAFS,,"15,410 kg",LEO,U.S. Space Force,"Success
",Success,Starlink,F9 B5,13 June 2020,09:21
88,,CCAFS,,"4,311 kg",MEO,Republic of Korea Army,"Success
",Success,GPS III,F9 B5,30 June 2020,20:10:46
89,,CCAFS,,"5,000–6,000 kg",GTO,SpaceX,"Success
",Success,ANASIS-II,F9 B5B1058.2544,20 July 2020,21:30
90,,KSC,,"14,932 kg",LEO,SpaceX,"Success
",Success,Starlink,F9 B5,7 August 2020,05:12
91,,CCAFS,,"~15,440 kg",LEO,CONAE,"Success
",Success,Starlink,F9 B5B1049.6544,18 August 2020,14:31
92,,CCAFS,,"3,130 kg",SSO,SpaceX,"Success
",Success,SAOCOM 1B,F9 B5,30 August 2020,23:18
93,,KSC,,"15,600 kg",LEO,SpaceX,"Success
",Success,Starlink,F9 B5B1060.2563,3 September 2020,12:46:14
94,,KSC,,"15,600 kg",LEO,SpaceX,"Success
",Success,Starlink,F9 B5B1058.3565,6 October 2020,11:29:34
95,,KSC,,"15,600 kg",LEO,SpaceX,"Success
",Success,Starlink,F9 B5B1051.6568,18 October 2020,12:25:57
96,,CCAFS,,"15,600 kg",LEO,USSF,"Success
",Success,Starlink,F9 B5,24 October 2020,15:31:34
97,,CCAFS,,"4,311 kg",MEO,NASA,"Success
",Success,GPS III,F9 B5,5 November 2020,23:24:23
98,,KSC,,"~12,500 kg",LEO,NASA,"Success
",Success,Crew-1,F9 B5[,16 November 2020,00:27
99,,VAFB,,"1,192 kg",LEO,SpaceX,"Success
",Success,Sentinel-6 Michael Freilich (Jason-CS A),F9 B5,21 November 2020,17:17:08
100,,CCAFS,,"15,600 kg",LEO,NASA,"Success
",Success,Starlink,F9 B5 ♺[,25 November 2020,02:13
101,,KSC,,"2,972 kg",LEO,Sirius XM,"Success
",Success,SpaceX CRS-21,F9 B5 ♺[,6 December 2020,16:17:08
102,,CCSFS,,"7,000 kg",GTO,NRO,"Success
",Success,SXM-7,F9 B5 ♺,13 December 2020,17:30:00
103,,KSC,,C,LEO,Türksat,"Success
",Success,NROL-108,F9 B5 ♺,19 December 2020,14:00:00
104,,CCSFS,,"3,500 kg",GTO,SpaceX,"Success
",Success,Türksat 5A,F9 B5,8 January 2021,02:15
105,,KSC,,"15,600 kg",LEO,Various,"Success
",Success,Starlink,F9 B5B1051.8609,20 January 2021,13:02
106,,CCSFS,,"~5,000 kg",SSO,SpaceX,"Success
",Success,Transporter-1,F9 B5B1058.5613,24 January 2021,15:00
107,,CCSFS,,"15,600 kg",LEO,SpaceX,"Success
",Failure,Starlink,F9 B5 ♺[,4 February 2021,06:19
108,,CCSFS,,"15,600 kg",LEO,SpaceX,"Success
",Success,Starlink,F9 B5 ♺,16 February 2021,03:59:37
109,,KSC,,"15,600 kg",LEO,SpaceX,"Success
",Success,Starlink,F9 B5 ♺[,4 March 2021,08:24
110,,CCSFS,,"15,600 kg",LEO,SpaceX,"Success
",Success,Starlink,F9 B5 ♺[,11 March 2021,08:13:29
111,,KSC,,"15,600 kg",LEO,SpaceX,"Success
",Success,Starlink,F9 B5 ♺,14 March 2021,10:01
112,,CCSFS,,"15,600 kg",LEO,SpaceX,"Success
",Success,Starlink,F9 B5B1060.6643,24 March 2021,08:28
113,,CCSFS,,"15,600 kg",LEO,NASA,"Success
",Success,Starlink,F9 B5 ♺,7 April 2021,16:34
114,,KSC,,"~13,000 kg",LEO,SpaceX,"Success
",Success,Crew-2,F9 B5B1061.2647,23 April 2021,9:49
115,,CCSFS,,"15,600 kg",LEO,SpaceX,"Success
",Success,Starlink,F9 B5B1060.7652,29 April 2021,03:44
116,,KSC,,"15,600 kg",LEO,SpaceX,"Success
",Success,Starlink,F9 B5B1049.9655,4 May 2021,19:01
117,,CCSFS,,"15,600 kg",LEO,SpaceX,"Success
",Success,Starlink,F9 B5B1051.10657,9 May 2021,06:42
118,,KSC,,"~14,000 kg",LEO,SpaceX,"Success
",Success,Starlink,F9 B5B1058.8660,15 May 2021,22:56
119,,CCSFS,,"15,600 kg",LEO,NASA,"Success
",Success,Starlink,F9 B5B1063.2665,26 May 2021,18:59
120,,KSC,,"3,328 kg",LEO,Sirius XM,"Success
",Success,SpaceX CRS-22,F9 B5B1067.1668,3 June 2021,17:29
121,,CCSFS,,"7,000 kg",GTO,,,,SXM-8,F9 B5,6 June 2021,04:26
